{"mean":{"confidence_interval":{"confidence_level":0.95,"lower_bound":4901593219.7,"upper_bound":5236135582.9},"point_estimate":5058565268.5,"standard_error":86552960.48807639},"median":{"confidence_interval":{"confidence_level":0.95,"lower_bound":4822477209.0,"upper_bound":5374125933.0},"point_estimate":4949358696.0,"standard_error":138325276.04458767},"median_abs_dev":{"confidence_interval":{"confidence_level":0.95,"lower_bound":11739998.284873366,"upper_bound":476294022.9838908},"point_estimate":192413167.07828343,"standard_error":123612861.12229928},"slope":null,"std_dev":{"confidence_interval":{"confidence_level":0.95,"lower_bound":98096244.85475084,"upper_bound":343082162.09729546},"point_estimate":290655370.23507303,"standard_error":52324315.54221775}}