{"mean":{"confidence_interval":{"confidence_level":0.95,"lower_bound":0.13365055784591645,"upper_bound":0.14186299712410766},"point_estimate":0.1376052744201568,"standard_error":0.0021038154480387703},"median":{"confidence_interval":{"confidence_level":0.95,"lower_bound":0.12780358956431215,"upper_bound":0.1410734389995913},"point_estimate":0.13330337834749084,"standard_error":0.0035383194866183596}}