{"mean":{"confidence_interval":{"confidence_level":0.95,"lower_bound":-0.014951805767350258,"upper_bound":-0.008022318583670472},"point_estimate":-0.011530965576533214,"standard_error":0.0017504551942245739},"median":{"confidence_interval":{"confidence_level":0.95,"lower_bound":-0.010928395502953554,"upper_bound":-0.008876519557312723},"point_estimate":-0.00966169194485833,"standard_error":0.0005244917527790319}}