{"mean":{"confidence_interval":{"confidence_level":0.95,"lower_bound":-0.060366403414827796,"upper_bound":-0.04504657678795451},"point_estimate":-0.052428168769315775,"standard_error":0.0039162541423342365},"median":{"confidence_interval":{"confidence_level":0.95,"lower_bound":-0.04212982640261209,"upper_bound":-0.03630570116521681},"point_estimate":-0.03958052605927043,"standard_error":0.0015597831914352714}}