{"mean":{"confidence_interval":{"confidence_level":0.95,"lower_bound":1290258882.0749998,"upper_bound":1320989058.8},"point_estimate":1304128635.7,"standard_error":7885693.327936218},"median":{"confidence_interval":{"confidence_level":0.95,"lower_bound":1284488736.0,"upper_bound":1318281222.5},"point_estimate":1295441593.0,"standard_error":8048877.22329835},"median_abs_dev":{"confidence_interval":{"confidence_level":0.95,"lower_bound":3567221.527469158,"upper_bound":38278634.182718396},"point_estimate":17169459.52438116,"standard_error":8912134.36187345},"slope":null,"std_dev":{"confidence_interval":{"confidence_level":0.95,"lower_bound":8794252.848172368,"upper_bound":34877117.467949964},"point_estimate":26129840.338616576,"standard_error":6988440.283773058}}