{"mean":{"confidence_interval":{"confidence_level":0.95,"lower_bound":-0.14402748678939326,"upper_bound":-0.136762554037855},"point_estimate":-0.14072178238515565,"standard_error":0.0018450247038273681},"median":{"confidence_interval":{"confidence_level":0.95,"lower_bound":-0.14327454953018667,"upper_bound":-0.1409468353021861},"point_estimate":-0.14196270831497837,"standard_error":0.0005731367120059212}}