{"mean":{"confidence_interval":{"confidence_level":0.95,"lower_bound":15296.736884858583,"upper_bound":15435.922805345706},"point_estimate":15361.454757871827,"standard_error":35.321823001574344},"median":{"confidence_interval":{"confidence_level":0.95,"lower_bound":15213.66511627907,"upper_bound":15238.270376432078},"point_estimate":15227.644947209654,"standard_error":6.237504598193866},"median_abs_dev":{"confidence_interval":{"confidence_level":0.95,"lower_bound":33.455575054764026,"upper_bound":72.04865641318897},"point_estimate":50.92144705976521,"standard_error":10.630377940611677},"slope":{"confidence_interval":{"confidence_level":0.95,"lower_bound":15335.385477590306,"upper_bound":15562.413625716748},"point_estimate":15437.238762137522,"standard_error":58.005575110937286},"std_dev":{"confidence_interval":{"confidence_level":0.95,"lower_bound":238.41865976329393,"upper_bound":458.27861974246156},"point_estimate":360.86601517063514,"standard_error":55.973681747336784}}