{"mean":{"confidence_interval":{"confidence_level":0.95,"lower_bound":-0.019922163674654908,"upper_bound":-0.009397063203142042},"point_estimate":-0.014690140632323101,"standard_error":0.0027241848357513468},"median":{"confidence_interval":{"confidence_level":0.95,"lower_bound":-0.02404038859199233,"upper_bound":-0.01832194395881448},"point_estimate":-0.021653767770378307,"standard_error":0.001568943305254279}}