{"mean":{"confidence_interval":{"confidence_level":0.95,"lower_bound":7810015.807208331,"upper_bound":7848770.801666665},"point_estimate":7829201.08166667,"standard_error":9883.898355084666},"median":{"confidence_interval":{"confidence_level":0.95,"lower_bound":7778153.5,"upper_bound":7850409.25},"point_estimate":7818583.416666666,"standard_error":20550.636237164952},"median_abs_dev":{"confidence_interval":{"confidence_level":0.95,"lower_bound":81983.82494449639,"upper_bound":140383.437907696},"point_estimate":112683.52839946747,"standard_error":16029.466679488267},"slope":null,"std_dev":{"confidence_interval":{"confidence_level":0.95,"lower_bound":88404.27165509578,"upper_bound":108869.63144974245},"point_estimate":99410.63395194757,"standard_error":5239.0929001758805}}