{"mean":{"confidence_interval":{"confidence_level":0.95,"lower_bound":0.002329202493438276,"upper_bound":0.013766769706813979},"point_estimate":0.007947303850863952,"standard_error":0.002917179021144058},"median":{"confidence_interval":{"confidence_level":0.95,"lower_bound":-0.0067244641140585815,"upper_bound":0.02538858725039228},"point_estimate":0.018257013007532352,"standard_error":0.008540060759892824}}