{"mean":{"confidence_interval":{"confidence_level":0.95,"lower_bound":13169859.0575,"upper_bound":13375696.419625},"point_estimate":13267478.9875,"standard_error":52712.18780615969},"median":{"confidence_interval":{"confidence_level":0.95,"lower_bound":13026636.375,"upper_bound":13100537.5},"point_estimate":13070490.125,"standard_error":20069.081753608403},"median_abs_dev":{"confidence_interval":{"confidence_level":0.95,"lower_bound":87198.74680191278,"upper_bound":159275.34452229738},"point_estimate":118567.04107001424,"standard_error":19888.297718516857},"slope":null,"std_dev":{"confidence_interval":{"confidence_level":0.95,"lower_bound":377813.09432811337,"upper_bound":667802.3524205417},"point_estimate":531865.6696724766,"standard_error":74393.38967999171}}