{"mean":{"confidence_interval":{"confidence_level":0.95,"lower_bound":3602999.963785713,"upper_bound":3620661.1078571435},"point_estimate":3610847.7778571434,"standard_error":4544.016717302554},"median":{"confidence_interval":{"confidence_level":0.95,"lower_bound":3592373.1428571427,"upper_bound":3598812.4642857146},"point_estimate":3594534.571428572,"standard_error":1717.127936723459},"median_abs_dev":{"confidence_interval":{"confidence_level":0.95,"lower_bound":8345.978851828862,"upper_bound":17450.678240188776},"point_estimate":11069.144353483354,"standard_error":2379.9476547501044},"slope":null,"std_dev":{"confidence_interval":{"confidence_level":0.95,"lower_bound":24890.696049838058,"upper_bound":66163.67025120974},"point_estimate":45680.9611781647,"standard_error":11089.133903446227}}