{"mean":{"confidence_interval":{"confidence_level":0.95,"lower_bound":3640958.121428571,"upper_bound":3666122.437142858},"point_estimate":3652753.672142857,"standard_error":6469.164128364966},"median":{"confidence_interval":{"confidence_level":0.95,"lower_bound":3635104.1428571427,"upper_bound":3645193.7857142854},"point_estimate":3640707.0,"standard_error":2481.7070078223687},"median_abs_dev":{"confidence_interval":{"confidence_level":0.95,"lower_bound":17186.45774487958,"upper_bound":34618.12693540559},"point_estimate":26893.78107254014,"standard_error":4214.765252993924},"slope":null,"std_dev":{"confidence_interval":{"confidence_level":0.95,"lower_bound":45735.62978233658,"upper_bound":81031.88811380164},"point_estimate":64866.158701530425,"standard_error":9070.881228884096}}