{"mean":{"confidence_interval":{"confidence_level":0.95,"lower_bound":-0.02580898230944842,"upper_bound":-0.01049248278685956},"point_estimate":-0.01815402651665665,"standard_error":0.003908560953343416},"median":{"confidence_interval":{"confidence_level":0.95,"lower_bound":-0.01599841696363319,"upper_bound":0.001823560014334526},"point_estimate":-0.011151780048214377,"standard_error":0.004169131160795952}}