{"mean":{"confidence_interval":{"confidence_level":0.95,"lower_bound":11610815.511299994,"upper_bound":12466356.731999995},"point_estimate":11978445.78399999,"standard_error":216849.17397670826},"median":{"confidence_interval":{"confidence_level":0.95,"lower_bound":11548107.8,"upper_bound":11568143.6},"point_estimate":11553109.8,"standard_error":5833.4174019470875},"median_abs_dev":{"confidence_interval":{"confidence_level":0.95,"lower_bound":29419.23127770424,"upper_bound":72487.39652108974},"point_estimate":40775.94707608223,"standard_error":10967.384577216637},"slope":null,"std_dev":{"confidence_interval":{"confidence_level":0.95,"lower_bound":141236.12181403063,"upper_bound":3320603.5047313175},"point_estimate":2185306.0006409003,"standard_error":755374.3412555889}}