{"mean":{"confidence_interval":{"confidence_level":0.95,"lower_bound":3561839.648892858,"upper_bound":3578448.1287678564},"point_estimate":3569211.2164285714,"standard_error":4269.683932495791},"median":{"confidence_interval":{"confidence_level":0.95,"lower_bound":3558136.3571428573,"upper_bound":3561155.6428571427},"point_estimate":3559805.2857142854,"standard_error":812.1012319125609},"median_abs_dev":{"confidence_interval":{"confidence_level":0.95,"lower_bound":4749.032465687918,"upper_bound":7997.567858015083},"point_estimate":6199.862439930439,"standard_error":823.7757898780881},"slope":null,"std_dev":{"confidence_interval":{"confidence_level":0.95,"lower_bound":21983.47322234861,"upper_bound":58978.272219276514},"point_estimate":42511.97242192947,"standard_error":9522.88213088337}}