{"mean":{"confidence_interval":{"confidence_level":0.95,"lower_bound":0.019308037717161716,"upper_bound":0.029595750958895838},"point_estimate":0.02455830424459049,"standard_error":0.002638552508123259},"median":{"confidence_interval":{"confidence_level":0.95,"lower_bound":0.023467434454736757,"upper_bound":0.026428521078161404},"point_estimate":0.025007955429797724,"standard_error":0.0007534222906168745}}