{"mean":{"confidence_interval":{"confidence_level":0.95,"lower_bound":1381665115.115,"upper_bound":1483625178.4},"point_estimate":1424459723.8,"standard_error":27095940.357728723},"median":{"confidence_interval":{"confidence_level":0.95,"lower_bound":1374916126.0,"upper_bound":1447165706.5},"point_estimate":1397360544.5,"standard_error":17520900.648698293},"median_abs_dev":{"confidence_interval":{"confidence_level":0.95,"lower_bound":9262383.956059813,"upper_bound":89495863.47953081},"point_estimate":37486810.89527607,"standard_error":21480228.97001162},"slope":null,"std_dev":{"confidence_interval":{"confidence_level":0.95,"lower_bound":19414947.01781263,"upper_bound":133638584.27681643},"point_estimate":90855414.38368285,"standard_error":34411577.7419801}}