{"mean":{"confidence_interval":{"confidence_level":0.95,"lower_bound":38609094.477625005,"upper_bound":38941107.614125},"point_estimate":38769874.77,"standard_error":84487.06902605914},"median":{"confidence_interval":{"confidence_level":0.95,"lower_bound":38254177.0,"upper_bound":38882796.0},"point_estimate":38374354.5,"standard_error":141989.7928148339},"median_abs_dev":{"confidence_interval":{"confidence_level":0.95,"lower_bound":345978.41790765524,"upper_bound":972442.8824856877},"point_estimate":547960.4253217578,"standard_error":156237.03752814018},"slope":null,"std_dev":{"confidence_interval":{"confidence_level":0.95,"lower_bound":676188.6668835859,"upper_bound":1009443.0856141527},"point_estimate":851741.3331719246,"standard_error":85406.38443395327}}