{"mean":{"confidence_interval":{"confidence_level":0.95,"lower_bound":4242377.336666669,"upper_bound":4261430.155833335},"point_estimate":4250955.740833334,"standard_error":4894.108050920261},"median":{"confidence_interval":{"confidence_level":0.95,"lower_bound":4241993.416666666,"upper_bound":4244873.0},"point_estimate":4243063.833333334,"standard_error":810.8209678912975},"median_abs_dev":{"confidence_interval":{"confidence_level":0.95,"lower_bound":6444.306110590696,"upper_bound":11810.700265318386},"point_estimate":9181.618086992774,"standard_error":1429.1333766890777},"slope":null,"std_dev":{"confidence_interval":{"confidence_level":0.95,"lower_bound":23426.063547802107,"upper_bound":69326.0106661018},"point_estimate":49328.958245566675,"standard_error":11915.176091650996}}