{"mean":{"confidence_interval":{"confidence_level":0.95,"lower_bound":-0.05192968505534031,"upper_bound":0.04901487140467729},"point_estimate":-0.001142989166514119,"standard_error":0.025760536283526977},"median":{"confidence_interval":{"confidence_level":0.95,"lower_bound":-0.0904037221228251,"upper_bound":0.08720255239675923},"point_estimate":-0.009708238067051567,"standard_error":0.04002084744280385}}