{"mean":{"confidence_interval":{"confidence_level":0.95,"lower_bound":-0.029516316430119264,"upper_bound":-0.015332800280305887},"point_estimate":-0.023309071465145825,"standard_error":0.003692535919003415},"median":{"confidence_interval":{"confidence_level":0.95,"lower_bound":-0.0301959561492674,"upper_bound":-0.025806353124674608},"point_estimate":-0.028261345773956448,"standard_error":0.0010936505933249324}}