{"mean":{"confidence_interval":{"confidence_level":0.95,"lower_bound":39858619.20075,"upper_bound":40027160.961},"point_estimate":39939217.88,"standard_error":43192.95018826995},"median":{"confidence_interval":{"confidence_level":0.95,"lower_bound":39738478.0,"upper_bound":39867893.0},"point_estimate":39806328.25,"standard_error":34159.47202258462},"median_abs_dev":{"confidence_interval":{"confidence_level":0.95,"lower_bound":168915.9508511424,"upper_bound":302197.61133491993},"point_estimate":224932.2843566537,"standard_error":34079.17918016794},"slope":null,"std_dev":{"confidence_interval":{"confidence_level":0.95,"lower_bound":324786.498697728,"upper_bound":531154.0634438224},"point_estimate":434769.47339556535,"standard_error":53052.97087296571}}