{"mean":{"confidence_interval":{"confidence_level":0.95,"lower_bound":40191701.513124995,"upper_bound":40500119.21775},"point_estimate":40339027.115,"standard_error":79010.74876727004},"median":{"confidence_interval":{"confidence_level":0.95,"lower_bound":39962583.25,"upper_bound":40133548.5},"point_estimate":40037355.75,"standard_error":42834.56812401735},"median_abs_dev":{"confidence_interval":{"confidence_level":0.95,"lower_bound":239150.04745423794,"upper_bound":491587.8971725702},"point_estimate":352402.15294361115,"standard_error":64749.29123655189},"slope":null,"std_dev":{"confidence_interval":{"confidence_level":0.95,"lower_bound":613927.4409881196,"upper_bound":937685.1805237675},"point_estimate":794827.515231249,"standard_error":82413.03583151162}}