{"mean":{"confidence_interval":{"confidence_level":0.95,"lower_bound":0.005652650760402818,"upper_bound":0.014550297818567176},"point_estimate":0.010010442272586628,"standard_error":0.0022564551230475284},"median":{"confidence_interval":{"confidence_level":0.95,"lower_bound":0.0031473595152935463,"upper_bound":0.008415977748069237},"point_estimate":0.005803788245654085,"standard_error":0.0013359006107792448}}