{"mean":{"confidence_interval":{"confidence_level":0.95,"lower_bound":11387790.505999992,"upper_bound":12122803.036899993},"point_estimate":11700566.667999994,"standard_error":188998.3692486989},"median":{"confidence_interval":{"confidence_level":0.95,"lower_bound":11323541.0,"upper_bound":11342263.0},"point_estimate":11328524.9,"standard_error":4931.461008893554},"median_abs_dev":{"confidence_interval":{"confidence_level":0.95,"lower_bound":24087.95003235285,"upper_bound":57495.63840074878},"point_estimate":38738.70645225103,"standard_error":8761.168916837161},"slope":null,"std_dev":{"confidence_interval":{"confidence_level":0.95,"lower_bound":190181.59225752784,"upper_bound":2949713.62080368},"point_estimate":1896307.1835080516,"standard_error":679891.6872892119}}