{"mean":{"confidence_interval":{"confidence_level":0.95,"lower_bound":0.0568465323757998,"upper_bound":0.1368382325741726},"point_estimate":0.092269339700076,"standard_error":0.021064203889895265},"median":{"confidence_interval":{"confidence_level":0.95,"lower_bound":0.052802877884653654,"upper_bound":0.10205232167105249},"point_estimate":0.07867506497454269,"standard_error":0.013154364973967712}}