{"mean":{"confidence_interval":{"confidence_level":0.95,"lower_bound":-0.012148466697446321,"upper_bound":-0.00562421503042419},"point_estimate":-0.008836814683029326,"standard_error":0.001664653084770214},"median":{"confidence_interval":{"confidence_level":0.95,"lower_bound":-0.015476539677001466,"upper_bound":-0.012355856289058487},"point_estimate":-0.014459087919908575,"standard_error":0.00083312051100315}}