{"mean":{"confidence_interval":{"confidence_level":0.95,"lower_bound":8882351.520499997,"upper_bound":8932345.865000004},"point_estimate":8906540.445,"standard_error":12737.71395838092},"median":{"confidence_interval":{"confidence_level":0.95,"lower_bound":8838620.333333332,"upper_bound":8890828.666666666},"point_estimate":8860827.0,"standard_error":15644.916897205285},"median_abs_dev":{"confidence_interval":{"confidence_level":0.95,"lower_bound":61972.678899765015,"upper_bound":117738.0823597312},"point_estimate":87397.78584837914,"standard_error":14964.334098609495},"slope":null,"std_dev":{"confidence_interval":{"confidence_level":0.95,"lower_bound":100546.08014284528,"upper_bound":152639.21586068912},"point_estimate":128195.34224611815,"standard_error":13348.122438605347}}