{"mean":{"confidence_interval":{"confidence_level":0.95,"lower_bound":4880000057.9,"upper_bound":5243507682.574999},"point_estimate":5052783383.2,"standard_error":94405519.67736663},"median":{"confidence_interval":{"confidence_level":0.95,"lower_bound":4800598275.0,"upper_bound":5328194594.0},"point_estimate":4901309143.5,"standard_error":148638518.37500906},"median_abs_dev":{"confidence_interval":{"confidence_level":0.95,"lower_bound":43893477.499035,"upper_bound":521893948.58973026},"point_estimate":215057803.07106078,"standard_error":133943716.88222435},"slope":null,"std_dev":{"confidence_interval":{"confidence_level":0.95,"lower_bound":162849002.42658728,"upper_bound":389159563.5457053},"point_estimate":315873118.11380666,"standard_error":58805487.88663403}}