{"mean":{"confidence_interval":{"confidence_level":0.95,"lower_bound":39237744.38,"upper_bound":39747832.781},"point_estimate":39486717.69,"standard_error":130977.60068135743},"median":{"confidence_interval":{"confidence_level":0.95,"lower_bound":38706793.5,"upper_bound":38998565.0},"point_estimate":38807123.0,"standard_error":73348.89053518996},"median_abs_dev":{"confidence_interval":{"confidence_level":0.95,"lower_bound":295518.4984534979,"upper_bound":737867.0266002417},"point_estimate":436565.276299417,"standard_error":106649.60281821291},"slope":null,"std_dev":{"confidence_interval":{"confidence_level":0.95,"lower_bound":1105829.891493851,"upper_bound":1480923.768393253},"point_estimate":1315508.0180820625,"standard_error":95449.46259201824}}