{"mean":{"confidence_interval":{"confidence_level":0.95,"lower_bound":601146.8646828167,"upper_bound":604960.3429153083},"point_estimate":602943.8020166107,"standard_error":975.9783444108364},"median":{"confidence_interval":{"confidence_level":0.95,"lower_bound":598438.7474747475,"upper_bound":599571.2771739131},"point_estimate":598976.5869272237,"standard_error":308.55401048553324},"median_abs_dev":{"confidence_interval":{"confidence_level":0.95,"lower_bound":1381.3625308246774,"upper_bound":2935.8584782283256},"point_estimate":2093.5610798047855,"standard_error":385.8196882191521},"slope":{"confidence_interval":{"confidence_level":0.95,"lower_bound":601810.714612051,"upper_bound":606947.1161738577},"point_estimate":604250.4133988473,"standard_error":1314.2440542430077},"std_dev":{"confidence_interval":{"confidence_level":0.95,"lower_bound":7171.553599716053,"upper_bound":11956.06551327216},"point_estimate":9811.726087651496,"standard_error":1221.286295535964}}