{"mean":{"confidence_interval":{"confidence_level":0.95,"lower_bound":-0.23739662908239975,"upper_bound":-0.23107907831937102},"point_estimate":-0.23399409262188076,"standard_error":0.0016326125733817367},"median":{"confidence_interval":{"confidence_level":0.95,"lower_bound":-0.23806364717324768,"upper_bound":-0.23675602959521724},"point_estimate":-0.23744789037802427,"standard_error":0.00036057652556918836}}