{"mean":{"confidence_interval":{"confidence_level":0.95,"lower_bound":-0.07078279048710452,"upper_bound":0.024389666471882242},"point_estimate":-0.02319826136135028,"standard_error":0.023970941909157037},"median":{"confidence_interval":{"confidence_level":0.95,"lower_bound":-0.020869237127216667,"upper_bound":-0.018221455310772794},"point_estimate":-0.019439346105755928,"standard_error":0.0006510462051675511}}